-- TB CONVÊNIO

insert into tb_convenio(id_convenio, ds_convenio) values (0, 'Convênio');
insert into tb_convenio(id_convenio, ds_convenio) values (17, 'Glosa');
insert into tb_convenio(id_convenio, ds_convenio) values (18, 'Unimed Odonto');


-- TB ESTADO CIVIL

insert into tb_estado_civil(id_estado_civil, ds_estado_civil) values ('0', 'Escolha o estado civil');
insert into tb_estado_civil(id_estado_civil, ds_estado_civil) values ('Casado(a)', 'Casado(a)');
insert into tb_estado_civil(id_estado_civil, ds_estado_civil) values ('Solteiro(a)', 'Solteiro(a)');
insert into tb_estado_civil(id_estado_civil, ds_estado_civil) values ('Divorciado(a)', 'Divorciado(a)');
insert into tb_estado_civil(id_estado_civil, ds_estado_civil) values ('União Estavel', 'União Estavel');
insert into tb_estado_civil(id_estado_civil, ds_estado_civil) values ('Viúvo(a)', 'Viúvo(a)');


-- TB ESTADO

insert into tb_estado(id_estado, ds_estado) values ('0', 'Escolha o estado');
insert into tb_estado(id_estado, ds_estado) values ('AC', 'Acre');
insert into tb_estado(id_estado, ds_estado) values ('AL', 'Alagoas');
insert into tb_estado(id_estado, ds_estado) values ('AM', 'Amazonas');
insert into tb_estado(id_estado, ds_estado) values ('AP', 'Amapá');
insert into tb_estado(id_estado, ds_estado) values ('BH', 'Bahia');
insert into tb_estado(id_estado, ds_estado) values ('CE', 'Ceará');
insert into tb_estado(id_estado, ds_estado) values ('DF', 'Distrito Federal');
insert into tb_estado(id_estado, ds_estado) values ('ES', 'Espírito Santo');
insert into tb_estado(id_estado, ds_estado) values ('GO', 'Goias');
insert into tb_estado(id_estado, ds_estado) values ('MA', 'Maranhão');
insert into tb_estado(id_estado, ds_estado) values ('MG', 'Minas Gerais');
insert into tb_estado(id_estado, ds_estado) values ('MS', 'Mato Grosso do Sul');
insert into tb_estado(id_estado, ds_estado) values ('MT', 'Mato Grosso');
insert into tb_estado(id_estado, ds_estado) values ('PA', 'Para');
insert into tb_estado(id_estado, ds_estado) values ('PB', 'Paraíba');
insert into tb_estado(id_estado, ds_estado) values ('PE', 'Pernambuco');
insert into tb_estado(id_estado, ds_estado) values ('PI', 'Piauí');
insert into tb_estado(id_estado, ds_estado) values ('PR', 'Paraná');
insert into tb_estado(id_estado, ds_estado) values ('RJ', 'Rio de Janeiro');
insert into tb_estado(id_estado, ds_estado) values ('RN', 'Rio Grande do Norte');
insert into tb_estado(id_estado, ds_estado) values ('RO', 'Rondonia');
insert into tb_estado(id_estado, ds_estado) values ('RR', 'Roraima');
insert into tb_estado(id_estado, ds_estado) values ('RS', 'Rio Grande do Sul');
insert into tb_estado(id_estado, ds_estado) values ('SC', 'Santa Catarina');
insert into tb_estado(id_estado, ds_estado) values ('SE', 'Sergipe');
insert into tb_estado(id_estado, ds_estado) values ('SP', 'São Paulo');


-- TB CIDADE

insert into tb_cidade(id_cidade, ds_cidade) values(0, 'Cidade');
insert into tb_cidade(id_cidade, ds_cidade) values(6, 'Belford Roxo');
insert into tb_cidade(id_cidade, ds_cidade) values(5, 'Caxias');
insert into tb_cidade(id_cidade, ds_cidade) values(3, 'Mesquita');
insert into tb_cidade(id_cidade, ds_cidade) values(4, 'Nilopolis');
insert into tb_cidade(id_cidade, ds_cidade) values(2, 'Nova Iguaçu');
insert into tb_cidade(id_cidade, ds_cidade) values(7, 'Queimados');
insert into tb_cidade(id_cidade, ds_cidade) values(8, 'Rio De Janeiro');
insert into tb_cidade(id_cidade, ds_cidade) values(1, 'São João De Meriti');


-- TB MARKETING

insert into tb_marketing(id_marketing, ds_marketing) values('0', 'Como Conheceu a Clínica');
insert into tb_marketing(id_marketing, ds_marketing) values('Campanha', 'Campanha');
insert into tb_marketing(id_marketing, ds_marketing) values('Convênio', 'Convênio');
insert into tb_marketing(id_marketing, ds_marketing) values('Indicação', 'Indicação');
insert into tb_marketing(id_marketing, ds_marketing) values('Letreiro', 'Letreiro');
insert into tb_marketing(id_marketing, ds_marketing) values('Propaganda', 'Propaganda');
insert into tb_marketing(id_marketing, ds_marketing) values('Telemarketing', 'Telemarketing');
insert into tb_marketing(id_marketing, ds_marketing) values('Outros', 'Outros');


-- TB INDICACAO

insert into tb_indicacao(id_indicacao, ds_indicacao) values(0, 'Quem Indicou');
insert into tb_indicacao(id_indicacao, ds_indicacao) values(6, 'Camila Da Silva Calabria Corte Real');
insert into tb_indicacao(id_indicacao, ds_indicacao) values(4, 'Danusa Gomes Barros');
insert into tb_indicacao(id_indicacao, ds_indicacao) values(2, 'Fernando Polinati');
insert into tb_indicacao(id_indicacao, ds_indicacao) values(5, 'Glauco Gomes Vilar');
insert into tb_indicacao(id_indicacao, ds_indicacao) values(7, 'Maria Do Carmo');
insert into tb_indicacao(id_indicacao, ds_indicacao) values(8, 'Ursula Lopes');
insert into tb_indicacao(id_indicacao, ds_indicacao) values(3, 'Valeska Santos Da Silva Bigi');
insert into tb_indicacao(id_indicacao, ds_indicacao) values(1, 'Vânia Regina Botelho Soares');


-- TB DENTISTA

insert into tb_dentista(id_dentista, ds_dentista) values(0, 'Dentista');
insert into tb_dentista(id_dentista, ds_dentista) values(21, 'Dr. A Aparelho Extra Orto');
insert into tb_dentista(id_dentista, ds_dentista) values(10, 'Dra. A Camila Da Silva Calabria ');
insert into tb_dentista(id_dentista, ds_dentista) values(3, 'Dra. A Danusa Gomes Barros');
insert into tb_dentista(id_dentista, ds_dentista) values(41, 'Dra. A Danusa Gomes Barros Unimed');
insert into tb_dentista(id_dentista, ds_dentista) values(23, 'A Dra. Marcelle');
insert into tb_dentista(id_dentista, ds_dentista) values(29, 'Dr. A Fernando Implante');
insert into tb_dentista(id_dentista, ds_dentista) values(5, 'Dr. A Fernando Polinati');
insert into tb_dentista(id_dentista, ds_dentista) values(35, 'Dra. A Gabrielle Dos Santos Andrade');
insert into tb_dentista(id_dentista, ds_dentista) values(1, 'Dr. A Glauco Gomes Vilar');
insert into tb_dentista(id_dentista, ds_dentista) values(40, 'Dra. A Izabel ');
insert into tb_dentista(id_dentista, ds_dentista) values(7, 'Dra. A Maria Do Carmo');
insert into tb_dentista(id_dentista, ds_dentista) values(18, 'A Pasta De Orto Dr.glauco');
insert into tb_dentista(id_dentista, ds_dentista) values(16, 'Dra. A Pasta De Orto.camila');
insert into tb_dentista(id_dentista, ds_dentista) values(8, 'Dr. A Pasta Orto Rx');
insert into tb_dentista(id_dentista, ds_dentista) values(32, 'Dr. A Protese ');
insert into tb_dentista(id_dentista, ds_dentista) values(43, 'Dr. A Reserva');
insert into tb_dentista(id_dentista, ds_dentista) values(6, 'Dr. A Rodrigo Von Kap-hernr De Oliveira');
insert into tb_dentista(id_dentista, ds_dentista) values(2, 'Dra. A Vânia Regina Botelho Soares');
insert into tb_dentista(id_dentista, ds_dentista) values(12, 'Dr. Comissão De  Orto');
insert into tb_dentista(id_dentista, ds_dentista) values(42, 'Dra. Lorraine Fernandes');
insert into tb_dentista(id_dentista, ds_dentista) values(17, 'Pasta De Orto Dra.valeska');
insert into tb_dentista(id_dentista, ds_dentista) values(11, 'Dra. Sobra De Caixa');
insert into tb_dentista(id_dentista, ds_dentista) values(13, 'Dra. Valeska Santos Da Silva Bigi');
insert into tb_dentista(id_dentista, ds_dentista) values(38, 'Dra. Wanderleya Becker M.f.manso');


-- TB BAIRRO

insert into tb_bairro(id_cidade, id_bairro, ds_bairro) values(1, 247, '300');
insert into tb_bairro(id_cidade, id_bairro, ds_bairro) values(1, 192, 'Acari');
insert into tb_bairro(id_cidade, id_bairro, ds_bairro) values(1, 251, 'Agostinho');
insert into tb_bairro(id_cidade, id_bairro, ds_bairro) values(1, 5, 'Agostinho Porto');
insert into tb_bairro(id_cidade, id_bairro, ds_bairro) values(1, 345, 'Anasis');
insert into tb_bairro(id_cidade, id_bairro, ds_bairro) values(1, 181, 'Anchieta');
insert into tb_bairro(id_cidade, id_bairro, ds_bairro) values(1, 93, 'Barra Da Tijuca');
insert into tb_bairro(id_cidade, id_bairro, ds_bairro) values(1, 298, 'Barros Filho');
insert into tb_bairro(id_cidade, id_bairro, ds_bairro) values(1, 328, 'Campo Grande');
insert into tb_bairro(id_cidade, id_bairro, ds_bairro) values(1, 1, 'Centro');
insert into tb_bairro(id_cidade, id_bairro, ds_bairro) values(1, 30, 'Coelho Da Rocha');
insert into tb_bairro(id_cidade, id_bairro, ds_bairro) values(1, 233, 'Colégio');
insert into tb_bairro(id_cidade, id_bairro, ds_bairro) values(1, 24, 'Cosmorama');
insert into tb_bairro(id_cidade, id_bairro, ds_bairro) values(1, 31, 'Costa Barros');
insert into tb_bairro(id_cidade, id_bairro, ds_bairro) values(1, 7, 'Eden');
insert into tb_bairro(id_cidade, id_bairro, ds_bairro) values(1, 337, 'Edson Passos');
insert into tb_bairro(id_cidade, id_bairro, ds_bairro) values(1, 19, 'Eng. Belford');
insert into tb_bairro(id_cidade, id_bairro, ds_bairro) values(1, 321, 'Engenheiro Belford');
insert into tb_bairro(id_cidade, id_bairro, ds_bairro) values(1, 141, 'Est São João Caxias');
insert into tb_bairro(id_cidade, id_bairro, ds_bairro) values(1, 185, 'Farrula');
insert into tb_bairro(id_cidade, id_bairro, ds_bairro) values(1, 10, 'Grande Rio');
insert into tb_bairro(id_cidade, id_bairro, ds_bairro) values(1, 325, 'Indiara');
insert into tb_bairro(id_cidade, id_bairro, ds_bairro) values(1, 26, 'J. Sto Antonio');
insert into tb_bairro(id_cidade, id_bairro, ds_bairro) values(1, 283, 'Jardim Alegria');
insert into tb_bairro(id_cidade, id_bairro, ds_bairro) values(1, 259, 'Jardim America');
insert into tb_bairro(id_cidade, id_bairro, ds_bairro) values(1, 108, 'Jardim Iris');
insert into tb_bairro(id_cidade, id_bairro, ds_bairro) values(1, 248, 'Jardim Marques');
insert into tb_bairro(id_cidade, id_bairro, ds_bairro) values(1, 39, 'Jardim Meriti');
insert into tb_bairro(id_cidade, id_bairro, ds_bairro) values(1, 70, 'Jardim Metropolis');
insert into tb_bairro(id_cidade, id_bairro, ds_bairro) values(1, 272, 'Jardim Noia');
insert into tb_bairro(id_cidade, id_bairro, ds_bairro) values(1, 80, 'Jardim Olavo Bilac');
insert into tb_bairro(id_cidade, id_bairro, ds_bairro) values(1, 324, 'Jardim Paraiso');
insert into tb_bairro(id_cidade, id_bairro, ds_bairro) values(1, 51, 'Jardim Redentor');
insert into tb_bairro(id_cidade, id_bairro, ds_bairro) values(1, 135, 'Jd Jose Bonifacio');
insert into tb_bairro(id_cidade, id_bairro, ds_bairro) values(1, 171, 'Jd Paraiso');
insert into tb_bairro(id_cidade, id_bairro, ds_bairro) values(1, 149, 'Jd Sumare');
insert into tb_bairro(id_cidade, id_bairro, ds_bairro) values(1, 105, 'Jd. Botanico');
insert into tb_bairro(id_cidade, id_bairro, ds_bairro) values(1, 209, 'Magé');
insert into tb_bairro(id_cidade, id_bairro, ds_bairro) values(1, 91, 'Nova Cidade');
insert into tb_bairro(id_cidade, id_bairro, ds_bairro) values(1, 273, 'Oswaldo Cruz');
insert into tb_bairro(id_cidade, id_bairro, ds_bairro) values(1, 300, 'Paiol');
insert into tb_bairro(id_cidade, id_bairro, ds_bairro) values(1, 210, 'Parque Alian');
insert into tb_bairro(id_cidade, id_bairro, ds_bairro) values(1, 299, 'Parque Anchieta');
insert into tb_bairro(id_cidade, id_bairro, ds_bairro) values(1, 202, 'Parque Barreto');
insert into tb_bairro(id_cidade, id_bairro, ds_bairro) values(1, 268, 'Parque Columbia');
insert into tb_bairro(id_cidade, id_bairro, ds_bairro) values(1, 98, 'Parque Santana');
insert into tb_bairro(id_cidade, id_bairro, ds_bairro) values(1, 350, 'Parque Tiete');
insert into tb_bairro(id_cidade, id_bairro, ds_bairro) values(1, 16, 'Pavuna');
insert into tb_bairro(id_cidade, id_bairro, ds_bairro) values(1, 92, 'Pg Araruama');
insert into tb_bairro(id_cidade, id_bairro, ds_bairro) values(1, 25, 'Porto');
insert into tb_bairro(id_cidade, id_bairro, ds_bairro) values(1, 59, 'Pq Alian');
insert into tb_bairro(id_cidade, id_bairro, ds_bairro) values(1, 290, 'Pq Analandia');
insert into tb_bairro(id_cidade, id_bairro, ds_bairro) values(1, 252, 'Pq Barreto');
insert into tb_bairro(id_cidade, id_bairro, ds_bairro) values(1, 14, 'Pq Bonifacio');
insert into tb_bairro(id_cidade, id_bairro, ds_bairro) values(1, 121, 'Pq Juriti');
insert into tb_bairro(id_cidade, id_bairro, ds_bairro) values(1, 86, 'Pq Novo Rio');
insert into tb_bairro(id_cidade, id_bairro, ds_bairro) values(1, 102, 'Pq Sao Judas Tadeu');
insert into tb_bairro(id_cidade, id_bairro, ds_bairro) values(1, 77, 'Pq São Nicolau');
insert into tb_bairro(id_cidade, id_bairro, ds_bairro) values(1, 83, 'Pq Teles De Menezes');
insert into tb_bairro(id_cidade, id_bairro, ds_bairro) values(1, 36, 'Pq Tiete');
insert into tb_bairro(id_cidade, id_bairro, ds_bairro) values(1, 276, 'Pqjose Bonifacio');
insert into tb_bairro(id_cidade, id_bairro, ds_bairro) values(1, 21, 'Praça Da Bandeira');
insert into tb_bairro(id_cidade, id_bairro, ds_bairro) values(1, 145, 'Prq Analândia');
insert into tb_bairro(id_cidade, id_bairro, ds_bairro) values(1, 250, 'Redentor');
insert into tb_bairro(id_cidade, id_bairro, ds_bairro) values(1, 245, 'Ricardo De Albuquerq');
insert into tb_bairro(id_cidade, id_bairro, ds_bairro) values(1, 349, 'São João E Meriti');
insert into tb_bairro(id_cidade, id_bairro, ds_bairro) values(1, 40, 'Sao Mateus');
insert into tb_bairro(id_cidade, id_bairro, ds_bairro) values(1, 2, 'São Matheus');
insert into tb_bairro(id_cidade, id_bairro, ds_bairro) values(1, 278, 'Sitio Dos Ganços');
insert into tb_bairro(id_cidade, id_bairro, ds_bairro) values(1, 294, 'Sumare');
insert into tb_bairro(id_cidade, id_bairro, ds_bairro) values(1, 234, 'Taquara');
insert into tb_bairro(id_cidade, id_bairro, ds_bairro) values(1, 253, 'Tiradentes');
insert into tb_bairro(id_cidade, id_bairro, ds_bairro) values(1, 114, 'Tomaizinho');
insert into tb_bairro(id_cidade, id_bairro, ds_bairro) values(1, 18, 'Tomasinho');
insert into tb_bairro(id_cidade, id_bairro, ds_bairro) values(1, 243, 'Trezentos');
insert into tb_bairro(id_cidade, id_bairro, ds_bairro) values(1, 120, 'Vale Da Simpatia');
insert into tb_bairro(id_cidade, id_bairro, ds_bairro) values(1, 17, 'Venda Velha');
insert into tb_bairro(id_cidade, id_bairro, ds_bairro) values(1, 189, 'Vicente De Carvalho');
insert into tb_bairro(id_cidade, id_bairro, ds_bairro) values(1, 213, 'Vila Columbia');
insert into tb_bairro(id_cidade, id_bairro, ds_bairro) values(1, 264, 'Vila Formoso');
insert into tb_bairro(id_cidade, id_bairro, ds_bairro) values(1, 139, 'Vila Humaita');
insert into tb_bairro(id_cidade, id_bairro, ds_bairro) values(1, 352, 'Vila Jumira');
insert into tb_bairro(id_cidade, id_bairro, ds_bairro) values(1, 122, 'Vila Jurandi');
insert into tb_bairro(id_cidade, id_bairro, ds_bairro) values(1, 41, 'Vila Norma');
insert into tb_bairro(id_cidade, id_bairro, ds_bairro) values(1, 8, 'Vila Rosali');
insert into tb_bairro(id_cidade, id_bairro, ds_bairro) values(1, 237, 'Vila Santa Rita');
insert into tb_bairro(id_cidade, id_bairro, ds_bairro) values(1, 44, 'Vila Sao Joao');
insert into tb_bairro(id_cidade, id_bairro, ds_bairro) values(1, 301, 'Vila Sao Jose');
insert into tb_bairro(id_cidade, id_bairro, ds_bairro) values(1, 28, 'Vila Tiradente');
insert into tb_bairro(id_cidade, id_bairro, ds_bairro) values(1, 113, 'Vila Uniao');
insert into tb_bairro(id_cidade, id_bairro, ds_bairro) values(1, 76, 'Vila Zumira');
insert into tb_bairro(id_cidade, id_bairro, ds_bairro) values(1, 9, 'Vilar Dos Telles');
insert into tb_bairro(id_cidade, id_bairro, ds_bairro) values(1, 160, 'Village');
insert into tb_bairro(id_cidade, id_bairro, ds_bairro) values(2, 138, 'Anbai');
insert into tb_bairro(id_cidade, id_bairro, ds_bairro) values(2, 305, 'Andrade De Araujo');
insert into tb_bairro(id_cidade, id_bairro, ds_bairro) values(2, 221, 'Austin');
insert into tb_bairro(id_cidade, id_bairro, ds_bairro) values(2, 257, 'Bandeirantes');
insert into tb_bairro(id_cidade, id_bairro, ds_bairro) values(2, 330, 'Bela Vista');
insert into tb_bairro(id_cidade, id_bairro, ds_bairro) values(2, 320, 'Boa Esperança');
insert into tb_bairro(id_cidade, id_bairro, ds_bairro) values(2, 182, 'Botafogo');
insert into tb_bairro(id_cidade, id_bairro, ds_bairro) values(2, 153, 'Cabosul');
insert into tb_bairro(id_cidade, id_bairro, ds_bairro) values(2, 200, 'Cacuia');
insert into tb_bairro(id_cidade, id_bairro, ds_bairro) values(2, 99, 'Caioaba');
insert into tb_bairro(id_cidade, id_bairro, ds_bairro) values(2, 109, 'California');
insert into tb_bairro(id_cidade, id_bairro, ds_bairro) values(2, 4, 'Centro');
insert into tb_bairro(id_cidade, id_bairro, ds_bairro) values(2, 190, 'Comendador Soares');
insert into tb_bairro(id_cidade, id_bairro, ds_bairro) values(2, 60, 'Cruzeiro Do Sul');
insert into tb_bairro(id_cidade, id_bairro, ds_bairro) values(2, 134, 'Da Luz');
insert into tb_bairro(id_cidade, id_bairro, ds_bairro) values(2, 281, 'Da Nom');
insert into tb_bairro(id_cidade, id_bairro, ds_bairro) values(2, 296, 'Dom Rodrigo');
insert into tb_bairro(id_cidade, id_bairro, ds_bairro) values(2, 225, 'Engenho Pequeno');
insert into tb_bairro(id_cidade, id_bairro, ds_bairro) values(2, 255, 'Esplanada');
insert into tb_bairro(id_cidade, id_bairro, ds_bairro) values(2, 344, 'Fafayete');
insert into tb_bairro(id_cidade, id_bairro, ds_bairro) values(2, 295, 'Imperador');
insert into tb_bairro(id_cidade, id_bairro, ds_bairro) values(2, 65, 'Jardim Da Viga');
insert into tb_bairro(id_cidade, id_bairro, ds_bairro) values(2, 222, 'Jardim Iguaçu');
insert into tb_bairro(id_cidade, id_bairro, ds_bairro) values(2, 346, 'Jardim Monte Castelo');
insert into tb_bairro(id_cidade, id_bairro, ds_bairro) values(2, 284, 'Jardim Palmares');
insert into tb_bairro(id_cidade, id_bairro, ds_bairro) values(2, 219, 'Jardim Paraiso');
insert into tb_bairro(id_cidade, id_bairro, ds_bairro) values(2, 262, 'Jardtropical');
insert into tb_bairro(id_cidade, id_bairro, ds_bairro) values(2, 199, 'Juscelino');
insert into tb_bairro(id_cidade, id_bairro, ds_bairro) values(2, 20, 'K11');
insert into tb_bairro(id_cidade, id_bairro, ds_bairro) values(2, 351, 'Kenned');
insert into tb_bairro(id_cidade, id_bairro, ds_bairro) values(2, 315, 'Luz');
insert into tb_bairro(id_cidade, id_bairro, ds_bairro) values(2, 163, 'Mangueira');
insert into tb_bairro(id_cidade, id_bairro, ds_bairro) values(2, 312, 'Marco Dois');
insert into tb_bairro(id_cidade, id_bairro, ds_bairro) values(2, 104, 'Margarida');
insert into tb_bairro(id_cidade, id_bairro, ds_bairro) values(2, 191, 'Metropolitana');
insert into tb_bairro(id_cidade, id_bairro, ds_bairro) values(2, 47, 'Miguel Couto');
insert into tb_bairro(id_cidade, id_bairro, ds_bairro) values(2, 319, 'Mucaja');
insert into tb_bairro(id_cidade, id_bairro, ds_bairro) values(2, 208, 'N. S. Da Conceição');
insert into tb_bairro(id_cidade, id_bairro, ds_bairro) values(2, 168, 'Parque Estoril');
insert into tb_bairro(id_cidade, id_bairro, ds_bairro) values(2, 64, 'Ponto Chic');
insert into tb_bairro(id_cidade, id_bairro, ds_bairro) values(2, 79, 'Posse');
insert into tb_bairro(id_cidade, id_bairro, ds_bairro) values(2, 275, 'Prata');
insert into tb_bairro(id_cidade, id_bairro, ds_bairro) values(2, 235, 'Rancho Novo');
insert into tb_bairro(id_cidade, id_bairro, ds_bairro) values(2, 316, 'Ria');
insert into tb_bairro(id_cidade, id_bairro, ds_bairro) values(2, 293, 'Santa Clara');
insert into tb_bairro(id_cidade, id_bairro, ds_bairro) values(2, 129, 'Santa Rita');
insert into tb_bairro(id_cidade, id_bairro, ds_bairro) values(2, 143, 'Santa Terezinha De J');
insert into tb_bairro(id_cidade, id_bairro, ds_bairro) values(2, 270, 'Valqueire');
insert into tb_bairro(id_cidade, id_bairro, ds_bairro) values(2, 146, 'Vila Norma');
insert into tb_bairro(id_cidade, id_bairro, ds_bairro) values(2, 347, 'Vila Nova');
insert into tb_bairro(id_cidade, id_bairro, ds_bairro) values(2, 332, 'Vista Alegre');
insert into tb_bairro(id_cidade, id_bairro, ds_bairro) values(3, 124, 'Banco De Areia');
insert into tb_bairro(id_cidade, id_bairro, ds_bairro) values(3, 11, 'Centro');
insert into tb_bairro(id_cidade, id_bairro, ds_bairro) values(3, 239, 'Chatuba');
insert into tb_bairro(id_cidade, id_bairro, ds_bairro) values(3, 49, 'Cosmorama');
insert into tb_bairro(id_cidade, id_bairro, ds_bairro) values(3, 277, 'Edson Passos');
insert into tb_bairro(id_cidade, id_bairro, ds_bairro) values(3, 263, 'Jacutinga');
insert into tb_bairro(id_cidade, id_bairro, ds_bairro) values(3, 152, 'Juscelino');
insert into tb_bairro(id_cidade, id_bairro, ds_bairro) values(3, 88, 'Rocha Sobrinho');
insert into tb_bairro(id_cidade, id_bairro, ds_bairro) values(3, 304, 'Santa Teresinha');
insert into tb_bairro(id_cidade, id_bairro, ds_bairro) values(3, 68, 'Vila Emil');
insert into tb_bairro(id_cidade, id_bairro, ds_bairro) values(3, 118, 'Vila Emilia');
insert into tb_bairro(id_cidade, id_bairro, ds_bairro) values(3, 179, 'Vila Norma');
insert into tb_bairro(id_cidade, id_bairro, ds_bairro) values(4, 37, 'Cabuis');
insert into tb_bairro(id_cidade, id_bairro, ds_bairro) values(4, 23, 'Centro');
insert into tb_bairro(id_cidade, id_bairro, ds_bairro) values(4, 67, 'Nova Cidade');
insert into tb_bairro(id_cidade, id_bairro, ds_bairro) values(4, 116, 'Olinda');
insert into tb_bairro(id_cidade, id_bairro, ds_bairro) values(4, 241, 'Paiol');
insert into tb_bairro(id_cidade, id_bairro, ds_bairro) values(4, 230, 'Paiou');
insert into tb_bairro(id_cidade, id_bairro, ds_bairro) values(5, 216, '25 De Agosto');
insert into tb_bairro(id_cidade, id_bairro, ds_bairro) values(5, 173, 'Barros Dos Cavaleiro');
insert into tb_bairro(id_cidade, id_bairro, ds_bairro) values(5, 217, 'Centenário');
insert into tb_bairro(id_cidade, id_bairro, ds_bairro) values(5, 12, 'Centro');
insert into tb_bairro(id_cidade, id_bairro, ds_bairro) values(5, 306, 'Engenho');
insert into tb_bairro(id_cidade, id_bairro, ds_bairro) values(5, 194, 'Figueira');
insert into tb_bairro(id_cidade, id_bairro, ds_bairro) values(5, 267, 'Gramacho');
insert into tb_bairro(id_cidade, id_bairro, ds_bairro) values(5, 280, 'Jardim Gramacho');
insert into tb_bairro(id_cidade, id_bairro, ds_bairro) values(5, 204, 'Jardim Olavo Bilaque');
insert into tb_bairro(id_cidade, id_bairro, ds_bairro) values(5, 288, 'Jardim Primavera');
insert into tb_bairro(id_cidade, id_bairro, ds_bairro) values(5, 196, 'Laureano');
insert into tb_bairro(id_cidade, id_bairro, ds_bairro) values(5, 274, 'Olavo Bilac');
insert into tb_bairro(id_cidade, id_bairro, ds_bairro) values(5, 218, 'Pq Alvorada');
insert into tb_bairro(id_cidade, id_bairro, ds_bairro) values(5, 57, 'Pq Fluminense');
insert into tb_bairro(id_cidade, id_bairro, ds_bairro) values(5, 155, 'Pq Lafaiete');
insert into tb_bairro(id_cidade, id_bairro, ds_bairro) values(5, 123, 'Prq Sr Bonfim');
insert into tb_bairro(id_cidade, id_bairro, ds_bairro) values(5, 151, 'Sao Judas Tadeu');
insert into tb_bairro(id_cidade, id_bairro, ds_bairro) values(5, 203, 'Vila Ideal');
insert into tb_bairro(id_cidade, id_bairro, ds_bairro) values(5, 287, 'Vila Maria Helena');
insert into tb_bairro(id_cidade, id_bairro, ds_bairro) values(5, 220, 'Xerem');
insert into tb_bairro(id_cidade, id_bairro, ds_bairro) values(6, 256, 'Andrade De Araujo');
insert into tb_bairro(id_cidade, id_bairro, ds_bairro) values(6, 27, 'Areia Branca');
insert into tb_bairro(id_cidade, id_bairro, ds_bairro) values(6, 188, 'Barro Vermelho');
insert into tb_bairro(id_cidade, id_bairro, ds_bairro) values(6, 322, 'Boa Esperança');
insert into tb_bairro(id_cidade, id_bairro, ds_bairro) values(6, 187, 'Bom Pastor');
insert into tb_bairro(id_cidade, id_bairro, ds_bairro) values(6, 6, 'Centro');
insert into tb_bairro(id_cidade, id_bairro, ds_bairro) values(6, 100, 'Changrilar');
insert into tb_bairro(id_cidade, id_bairro, ds_bairro) values(6, 73, 'Das Graças');
insert into tb_bairro(id_cidade, id_bairro, ds_bairro) values(6, 183, 'Heliopolis');
insert into tb_bairro(id_cidade, id_bairro, ds_bairro) values(6, 69, 'Itaipu');
insert into tb_bairro(id_cidade, id_bairro, ds_bairro) values(6, 341, 'Jardim Almor');
insert into tb_bairro(id_cidade, id_bairro, ds_bairro) values(6, 333, 'Jardim Dimas Filho');
insert into tb_bairro(id_cidade, id_bairro, ds_bairro) values(6, 227, 'Jardim Glaucia');
insert into tb_bairro(id_cidade, id_bairro, ds_bairro) values(6, 338, 'Jardim Ideal 1');
insert into tb_bairro(id_cidade, id_bairro, ds_bairro) values(6, 313, 'Jardim Patricia');
insert into tb_bairro(id_cidade, id_bairro, ds_bairro) values(6, 29, 'Jardim Redentor');
insert into tb_bairro(id_cidade, id_bairro, ds_bairro) values(6, 215, 'Jardin Ideal 2');
insert into tb_bairro(id_cidade, id_bairro, ds_bairro) values(6, 166, 'Jardin Irene');
insert into tb_bairro(id_cidade, id_bairro, ds_bairro) values(6, 282, 'Jd Marques De Pombal');
insert into tb_bairro(id_cidade, id_bairro, ds_bairro) values(6, 158, 'Lote Xv');
insert into tb_bairro(id_cidade, id_bairro, ds_bairro) values(6, 193, 'Malha Pão');
insert into tb_bairro(id_cidade, id_bairro, ds_bairro) values(6, 101, 'Nova Aurora');
insert into tb_bairro(id_cidade, id_bairro, ds_bairro) values(6, 309, 'Nova Esperança');
insert into tb_bairro(id_cidade, id_bairro, ds_bairro) values(6, 165, 'Nova Pian');
insert into tb_bairro(id_cidade, id_bairro, ds_bairro) values(6, 111, 'Parque Amorin');
insert into tb_bairro(id_cidade, id_bairro, ds_bairro) values(6, 107, 'Parque Das Flores');
insert into tb_bairro(id_cidade, id_bairro, ds_bairro) values(6, 55, 'Parque Esperança');
insert into tb_bairro(id_cidade, id_bairro, ds_bairro) values(6, 260, 'Parque Floresta');
insert into tb_bairro(id_cidade, id_bairro, ds_bairro) values(6, 254, 'Parque São Bernardo');
insert into tb_bairro(id_cidade, id_bairro, ds_bairro) values(6, 167, 'Parque Sao Jose');
insert into tb_bairro(id_cidade, id_bairro, ds_bairro) values(6, 78, 'Parque Sao Vicente');
insert into tb_bairro(id_cidade, id_bairro, ds_bairro) values(6, 354, 'Pauline');
insert into tb_bairro(id_cidade, id_bairro, ds_bairro) values(6, 3, 'Pian');
insert into tb_bairro(id_cidade, id_bairro, ds_bairro) values(6, 297, 'Pq Dos Ferreiras');
insert into tb_bairro(id_cidade, id_bairro, ds_bairro) values(6, 137, 'Pq Uniao');
insert into tb_bairro(id_cidade, id_bairro, ds_bairro) values(6, 87, 'Prata');
insert into tb_bairro(id_cidade, id_bairro, ds_bairro) values(6, 136, 'Recantos');
insert into tb_bairro(id_cidade, id_bairro, ds_bairro) values(6, 258, 'Redentor');
insert into tb_bairro(id_cidade, id_bairro, ds_bairro) values(6, 334, 'Retiro Feliz');
insert into tb_bairro(id_cidade, id_bairro, ds_bairro) values(6, 72, 'Santa Amelia');
insert into tb_bairro(id_cidade, id_bairro, ds_bairro) values(6, 34, 'Santa Maria');
insert into tb_bairro(id_cidade, id_bairro, ds_bairro) values(6, 207, 'Santa Marta');
insert into tb_bairro(id_cidade, id_bairro, ds_bairro) values(6, 119, 'Santa Tereza');
insert into tb_bairro(id_cidade, id_bairro, ds_bairro) values(6, 62, 'Sao Bernardo');
insert into tb_bairro(id_cidade, id_bairro, ds_bairro) values(6, 340, 'Sao Jorge');
insert into tb_bairro(id_cidade, id_bairro, ds_bairro) values(6, 339, 'Sao Joseo');
insert into tb_bairro(id_cidade, id_bairro, ds_bairro) values(6, 45, 'Sao Leopoldo');
insert into tb_bairro(id_cidade, id_bairro, ds_bairro) values(6, 43, 'Sao Vicente');
insert into tb_bairro(id_cidade, id_bairro, ds_bairro) values(6, 54, 'Sargento Roncali');
insert into tb_bairro(id_cidade, id_bairro, ds_bairro) values(6, 201, 'Shangrila');
insert into tb_bairro(id_cidade, id_bairro, ds_bairro) values(6, 265, 'Sobrinho');
insert into tb_bairro(id_cidade, id_bairro, ds_bairro) values(6, 71, 'Vale Do Ype');
insert into tb_bairro(id_cidade, id_bairro, ds_bairro) values(6, 170, 'Vales Das Mangueiras');
insert into tb_bairro(id_cidade, id_bairro, ds_bairro) values(6, 348, 'Vila Dagma');
insert into tb_bairro(id_cidade, id_bairro, ds_bairro) values(6, 314, 'Vila Dagmar');
insert into tb_bairro(id_cidade, id_bairro, ds_bairro) values(6, 147, 'Vila Entre Rios');
insert into tb_bairro(id_cidade, id_bairro, ds_bairro) values(6, 292, 'Vila Heliopolis');
insert into tb_bairro(id_cidade, id_bairro, ds_bairro) values(6, 106, 'Vila Jola');
insert into tb_bairro(id_cidade, id_bairro, ds_bairro) values(6, 226, 'Vila Maia');
insert into tb_bairro(id_cidade, id_bairro, ds_bairro) values(6, 130, 'Vila Medeiro');
insert into tb_bairro(id_cidade, id_bairro, ds_bairro) values(6, 85, 'Vila Novo');
insert into tb_bairro(id_cidade, id_bairro, ds_bairro) values(6, 32, 'Vila Paulina');
insert into tb_bairro(id_cidade, id_bairro, ds_bairro) values(6, 335, 'Vila Santa Rita');
insert into tb_bairro(id_cidade, id_bairro, ds_bairro) values(6, 140, 'Vila Santa Teresa');
insert into tb_bairro(id_cidade, id_bairro, ds_bairro) values(6, 310, 'Vila Sao Teodoro');
insert into tb_bairro(id_cidade, id_bairro, ds_bairro) values(6, 229, 'Vila Vicosa');
insert into tb_bairro(id_cidade, id_bairro, ds_bairro) values(6, 343, 'Wona');
insert into tb_bairro(id_cidade, id_bairro, ds_bairro) values(6, 157, 'Xavante');
insert into tb_bairro(id_cidade, id_bairro, ds_bairro) values(7, 42, 'Anchieta');
insert into tb_bairro(id_cidade, id_bairro, ds_bairro) values(7, 150, 'Sepetiba');
insert into tb_bairro(id_cidade, id_bairro, ds_bairro) values(8, 50, 'Acari');
insert into tb_bairro(id_cidade, id_bairro, ds_bairro) values(8, 13, 'Anchieta');
insert into tb_bairro(id_cidade, id_bairro, ds_bairro) values(8, 326, 'Araruama');
insert into tb_bairro(id_cidade, id_bairro, ds_bairro) values(8, 82, 'Bangu');
insert into tb_bairro(id_cidade, id_bairro, ds_bairro) values(8, 53, 'Barra Da Tijuca');
insert into tb_bairro(id_cidade, id_bairro, ds_bairro) values(8, 331, 'Barra Mansa');
insert into tb_bairro(id_cidade, id_bairro, ds_bairro) values(8, 58, 'Barros Filho');
insert into tb_bairro(id_cidade, id_bairro, ds_bairro) values(8, 195, 'Benfica');
insert into tb_bairro(id_cidade, id_bairro, ds_bairro) values(8, 74, 'Bento Ribeiro');
insert into tb_bairro(id_cidade, id_bairro, ds_bairro) values(8, 75, 'Bonsucesso');
insert into tb_bairro(id_cidade, id_bairro, ds_bairro) values(8, 232, 'Botafogo');
insert into tb_bairro(id_cidade, id_bairro, ds_bairro) values(8, 161, 'Bras De Pina');
insert into tb_bairro(id_cidade, id_bairro, ds_bairro) values(8, 198, 'Campo Grande');
insert into tb_bairro(id_cidade, id_bairro, ds_bairro) values(8, 231, 'Cascadura');
insert into tb_bairro(id_cidade, id_bairro, ds_bairro) values(8, 133, 'Caxambi');
insert into tb_bairro(id_cidade, id_bairro, ds_bairro) values(8, 186, 'Centro');
insert into tb_bairro(id_cidade, id_bairro, ds_bairro) values(8, 142, 'Coelho Neto');
insert into tb_bairro(id_cidade, id_bairro, ds_bairro) values(8, 48, 'Colegio');
insert into tb_bairro(id_cidade, id_bairro, ds_bairro) values(8, 144, 'Conservatória');
insert into tb_bairro(id_cidade, id_bairro, ds_bairro) values(8, 308, 'Copacabana');
insert into tb_bairro(id_cidade, id_bairro, ds_bairro) values(8, 156, 'Cordovil');
insert into tb_bairro(id_cidade, id_bairro, ds_bairro) values(8, 127, 'Costa Barros');
insert into tb_bairro(id_cidade, id_bairro, ds_bairro) values(8, 236, 'Del Castilho');
insert into tb_bairro(id_cidade, id_bairro, ds_bairro) values(8, 148, 'Deodoro');
insert into tb_bairro(id_cidade, id_bairro, ds_bairro) values(8, 212, 'Encantado');
insert into tb_bairro(id_cidade, id_bairro, ds_bairro) values(8, 115, 'Eng De Dentro');
insert into tb_bairro(id_cidade, id_bairro, ds_bairro) values(8, 110, 'Eng. De Dentro');
insert into tb_bairro(id_cidade, id_bairro, ds_bairro) values(8, 94, 'Engenho Da Rainha');
insert into tb_bairro(id_cidade, id_bairro, ds_bairro) values(8, 329, 'Engenho Novo');
insert into tb_bairro(id_cidade, id_bairro, ds_bairro) values(8, 22, 'Fazenda Botafogo');
insert into tb_bairro(id_cidade, id_bairro, ds_bairro) values(8, 224, 'Flamengo');
insert into tb_bairro(id_cidade, id_bairro, ds_bairro) values(8, 178, 'Freguesia');
insert into tb_bairro(id_cidade, id_bairro, ds_bairro) values(8, 289, 'Gamboa');
insert into tb_bairro(id_cidade, id_bairro, ds_bairro) values(8, 46, 'Guadalupe');
insert into tb_bairro(id_cidade, id_bairro, ds_bairro) values(8, 89, 'Honorio Gurgel');
insert into tb_bairro(id_cidade, id_bairro, ds_bairro) values(8, 249, 'Iguaba Grande');
insert into tb_bairro(id_cidade, id_bairro, ds_bairro) values(8, 66, 'Ilha Do Governador');
insert into tb_bairro(id_cidade, id_bairro, ds_bairro) values(8, 172, 'Ilha Grande');
insert into tb_bairro(id_cidade, id_bairro, ds_bairro) values(8, 228, 'Inhauma');
insert into tb_bairro(id_cidade, id_bairro, ds_bairro) values(8, 125, 'Ipanema');
insert into tb_bairro(id_cidade, id_bairro, ds_bairro) values(8, 132, 'Iraja');
insert into tb_bairro(id_cidade, id_bairro, ds_bairro) values(8, 176, 'Itaguai');
insert into tb_bairro(id_cidade, id_bairro, ds_bairro) values(8, 327, 'Itaperuna');
insert into tb_bairro(id_cidade, id_bairro, ds_bairro) values(8, 112, 'Itaquara');
insert into tb_bairro(id_cidade, id_bairro, ds_bairro) values(8, 175, 'Jacarepagua');
insert into tb_bairro(id_cidade, id_bairro, ds_bairro) values(8, 266, 'Jacutinga');
insert into tb_bairro(id_cidade, id_bairro, ds_bairro) values(8, 286, 'Jardim Barro Branco');
insert into tb_bairro(id_cidade, id_bairro, ds_bairro) values(8, 311, 'Jardim Esperança');
insert into tb_bairro(id_cidade, id_bairro, ds_bairro) values(8, 184, 'Jardin America');
insert into tb_bairro(id_cidade, id_bairro, ds_bairro) values(8, 35, 'Madureira');
insert into tb_bairro(id_cidade, id_bairro, ds_bairro) values(8, 214, 'Mangueira');
insert into tb_bairro(id_cidade, id_bairro, ds_bairro) values(8, 317, 'Maracana');
insert into tb_bairro(id_cidade, id_bairro, ds_bairro) values(8, 279, 'Marechal Hermes');
insert into tb_bairro(id_cidade, id_bairro, ds_bairro) values(8, 271, 'Maria Das Graças');
insert into tb_bairro(id_cidade, id_bairro, ds_bairro) values(8, 169, 'Meier');
insert into tb_bairro(id_cidade, id_bairro, ds_bairro) values(8, 164, 'Mesquita');
insert into tb_bairro(id_cidade, id_bairro, ds_bairro) values(8, 154, 'Monte Castelo');
insert into tb_bairro(id_cidade, id_bairro, ds_bairro) values(8, 246, 'Nova Aurora');
insert into tb_bairro(id_cidade, id_bairro, ds_bairro) values(8, 238, 'Olaria');
insert into tb_bairro(id_cidade, id_bairro, ds_bairro) values(8, 318, 'Olinda');
insert into tb_bairro(id_cidade, id_bairro, ds_bairro) values(8, 38, 'Oswaldo Cruz');
insert into tb_bairro(id_cidade, id_bairro, ds_bairro) values(8, 95, 'Padre Miguel');
insert into tb_bairro(id_cidade, id_bairro, ds_bairro) values(8, 15, 'Pavuna');
insert into tb_bairro(id_cidade, id_bairro, ds_bairro) values(8, 244, 'Pechincha');
insert into tb_bairro(id_cidade, id_bairro, ds_bairro) values(8, 52, 'Penha');
insert into tb_bairro(id_cidade, id_bairro, ds_bairro) values(8, 356, 'Petropolis');
insert into tb_bairro(id_cidade, id_bairro, ds_bairro) values(8, 128, 'Piedade');
insert into tb_bairro(id_cidade, id_bairro, ds_bairro) values(8, 61, 'Pilares');
insert into tb_bairro(id_cidade, id_bairro, ds_bairro) values(8, 302, 'Piteiras');
insert into tb_bairro(id_cidade, id_bairro, ds_bairro) values(8, 162, 'Praça Da Bandeira');
insert into tb_bairro(id_cidade, id_bairro, ds_bairro) values(8, 323, 'Quitandinha');
insert into tb_bairro(id_cidade, id_bairro, ds_bairro) values(8, 174, 'Ramos');
insert into tb_bairro(id_cidade, id_bairro, ds_bairro) values(8, 90, 'Realengo');
insert into tb_bairro(id_cidade, id_bairro, ds_bairro) values(8, 177, 'Recanto');
insert into tb_bairro(id_cidade, id_bairro, ds_bairro) values(8, 269, 'Recreio');
insert into tb_bairro(id_cidade, id_bairro, ds_bairro) values(8, 291, 'Riachuelo');
insert into tb_bairro(id_cidade, id_bairro, ds_bairro) values(8, 56, 'Ricardo De Albuquerq');
insert into tb_bairro(id_cidade, id_bairro, ds_bairro) values(8, 103, 'Rocha Miranda');
insert into tb_bairro(id_cidade, id_bairro, ds_bairro) values(8, 353, 'Santa Cruz');
insert into tb_bairro(id_cidade, id_bairro, ds_bairro) values(8, 261, 'Santa Tereza');
insert into tb_bairro(id_cidade, id_bairro, ds_bairro) values(8, 211, 'Santissimo');
insert into tb_bairro(id_cidade, id_bairro, ds_bairro) values(8, 206, 'São Cristovão');
insert into tb_bairro(id_cidade, id_bairro, ds_bairro) values(8, 355, 'São Francisco Chavie');
insert into tb_bairro(id_cidade, id_bairro, ds_bairro) values(8, 159, 'Sao Gonçaulo');
insert into tb_bairro(id_cidade, id_bairro, ds_bairro) values(8, 97, 'Sao Pedro Da Aldeia');
insert into tb_bairro(id_cidade, id_bairro, ds_bairro) values(8, 96, 'Sta Lucia');
insert into tb_bairro(id_cidade, id_bairro, ds_bairro) values(8, 33, 'Sulacape');
insert into tb_bairro(id_cidade, id_bairro, ds_bairro) values(8, 307, 'Taquara');
insert into tb_bairro(id_cidade, id_bairro, ds_bairro) values(8, 126, 'Tenome');
insert into tb_bairro(id_cidade, id_bairro, ds_bairro) values(8, 81, 'Tijuca');
insert into tb_bairro(id_cidade, id_bairro, ds_bairro) values(8, 342, 'Tomaizinho');
insert into tb_bairro(id_cidade, id_bairro, ds_bairro) values(8, 240, 'Tomas Coelho');
insert into tb_bairro(id_cidade, id_bairro, ds_bairro) values(8, 205, 'Urca');
insert into tb_bairro(id_cidade, id_bairro, ds_bairro) values(8, 285, 'Vargem Pequena');
insert into tb_bairro(id_cidade, id_bairro, ds_bairro) values(8, 223, 'Vas Lobo');
insert into tb_bairro(id_cidade, id_bairro, ds_bairro) values(8, 84, 'Vicente De Carvalho');
insert into tb_bairro(id_cidade, id_bairro, ds_bairro) values(8, 63, 'Vigario Geral');
insert into tb_bairro(id_cidade, id_bairro, ds_bairro) values(8, 180, 'Vila Da Penha');
insert into tb_bairro(id_cidade, id_bairro, ds_bairro) values(8, 117, 'Vila Militar');
insert into tb_bairro(id_cidade, id_bairro, ds_bairro) values(8, 303, 'Vila Roslai');
insert into tb_bairro(id_cidade, id_bairro, ds_bairro) values(8, 336, 'Vila São João');
insert into tb_bairro(id_cidade, id_bairro, ds_bairro) values(8, 242, 'Vila Sao Luiz');
insert into tb_bairro(id_cidade, id_bairro, ds_bairro) values(8, 131, 'Vila Valqueire');
insert into tb_bairro(id_cidade, id_bairro, ds_bairro) values(8, 197, 'Vista Alegre');
